  1	Tuzi Brown — Mon Homme (Sur cette terre) _ Mistinguett _ “My Man” (2025) (1)_frame_000001.png
  2	Tuzi Brown — Mon Homme (Sur cette terre) _ Mistinguett _ “My Man” (2025) (1)_frame_000002.png
  3	Tuzi Brown — Mon Homme (Sur cette terre) _ Mistinguett _ “My Man” (2025) (1)_frame_000005.png
  4	Tuzi Brown — Mon Homme (Sur cette terre) _ Mistinguett _ “My Man” (2025) (1)_frame_000006.png
  5	Tuzi Brown — Mon Homme (Sur cette terre) _ Mistinguett _ “My Man” (2025) (1)_frame_000011.png
  6	Tuzi Brown — Mon Homme (Sur cette terre) _ Mistinguett _ “My Man” (2025) (1)_frame_000014.png
  7	Tuzi Brown — Mon Homme (Sur cette terre) _ Mistinguett _ “My Man” (2025) (1)_frame_000019.png
  8	Tuzi Brown — Mon Homme (Sur cette terre) _ Mistinguett _ “My Man” (2025) (1)_frame_000023.png
  9	Tuzi Brown — Mon Homme (Sur cette terre) _ Mistinguett _ “My Man” (2025) (1)_frame_000030.png
 10	Tuzi Brown — Mon Homme (Sur cette terre) _ Mistinguett _ “My Man” (2025) (1)_frame_000032.png
 11	Tuzi Brown — Mon Homme (Sur cette terre) _ Mistinguett _ “My Man” (2025) (1)_frame_000033.png
 12	Tuzi Brown — Mon Homme (Sur cette terre) _ Mistinguett _ “My Man” (2025) (1)_frame_000035.png
 13	Tuzi Brown — Mon Homme (Sur cette terre) _ Mistinguett _ “My Man” (2025) (1)_frame_000039.png
 14	Tuzi Brown — Mon Homme (Sur cette terre) _ Mistinguett _ “My Man” (2025) (1)_frame_000043.png
 15	Tuzi Brown — Mon Homme (Sur cette terre) _ Mistinguett _ “My Man” (2025) (1)_frame_000048.png
 16	Tuzi Brown — Mon Homme (Sur cette terre) _ Mistinguett _ “My Man” (2025) (1)_frame_000052.png
 17	Tuzi Brown — Mon Homme (Sur cette terre) _ Mistinguett _ “My Man” (2025) (1)_frame_000054.png
 18	Tuzi Brown — Mon Homme (Sur cette terre) _ Mistinguett _ “My Man” (2025) (1)_frame_000055.png
 19	Tuzi Brown — Mon Homme (Sur cette terre) _ Mistinguett _ “My Man” (2025) (1)_frame_000057.png
 20	Tuzi Brown — Mon Homme (Sur cette terre) _ Mistinguett _ “My Man” (2025) (1)_frame_000059.png
 21	Tuzi Brown — Mon Homme (Sur cette terre) _ Mistinguett _ “My Man” (2025) (1)_frame_000065.png
 22	Tuzi Brown — Mon Homme (Sur cette terre) _ Mistinguett _ “My Man” (2025) (1)_frame_000066.png
 23	Tuzi Brown — Mon Homme (Sur cette terre) _ Mistinguett _ “My Man” (2025) (1)_frame_000067.png
 24	Tuzi Brown — Mon Homme (Sur cette terre) _ Mistinguett _ “My Man” (2025) (1)_frame_000068.png
 25	Tuzi Brown — Mon Homme (Sur cette terre) _ Mistinguett _ “My Man” (2025) (1)_frame_000076.png
 26	Tuzi Brown — Mon Homme (Sur cette terre) _ Mistinguett _ “My Man” (2025) (1)_frame_000083.png
 27	Tuzi Brown — Mon Homme (Sur cette terre) _ Mistinguett _ “My Man” (2025) (1)_frame_000085.png
 28	Tuzi Brown — Mon Homme (Sur cette terre) _ Mistinguett _ “My Man” (2025) (1)_frame_000086.png
 29	Tuzi Brown — Mon Homme (Sur cette terre) _ Mistinguett _ “My Man” (2025) (1)_frame_000101.png
 30	Tuzi Brown — Mon Homme (Sur cette terre) _ Mistinguett _ “My Man” (2025) (1)_frame_000109.png
 31	Tuzi Brown — Mon Homme (Sur cette terre) _ Mistinguett _ “My Man” (2025) (1)_frame_000112.png
 32	Tuzi Brown — Mon Homme (Sur cette terre) _ Mistinguett _ “My Man” (2025)_frame_000001.png
 33	Tuzi Brown — Mon Homme (Sur cette terre) _ Mistinguett _ “My Man” (2025)_frame_000002.png
 34	Tuzi Brown — Mon Homme (Sur cette terre) _ Mistinguett _ “My Man” (2025)_frame_000003.png
 35	Tuzi Brown — Mon Homme (Sur cette terre) _ Mistinguett _ “My Man” (2025)_frame_000004.png
 36	Tuzi Brown — Mon Homme (Sur cette terre) _ Mistinguett _ “My Man” (2025)_frame_000005.png
 37	Tuzi Brown — Mon Homme (Sur cette terre) _ Mistinguett _ “My Man” (2025)_frame_000006.png
 38	Tuzi Brown — Mon Homme (Sur cette terre) _ Mistinguett _ “My Man” (2025)_frame_000007.png
 39	Tuzi Brown — Mon Homme (Sur cette terre) _ Mistinguett _ “My Man” (2025)_frame_000008.png
 40	Tuzi Brown — Mon Homme (Sur cette terre) _ Mistinguett _ “My Man” (2025)_frame_000009.png
 41	Tuzi Brown — Mon Homme (Sur cette terre) _ Mistinguett _ “My Man” (2025)_frame_000010.png
 42	Tuzi Brown — Mon Homme (Sur cette terre) _ Mistinguett _ “My Man” (2025)_frame_000011.png
 43	Tuzi Brown — Mon Homme (Sur cette terre) _ Mistinguett _ “My Man” (2025)_frame_000012.png
 44	Tuzi Brown — Mon Homme (Sur cette terre) _ Mistinguett _ “My Man” (2025)_frame_000013.png
 45	Tuzi Brown — Mon Homme (Sur cette terre) _ Mistinguett _ “My Man” (2025)_frame_000014.png
 46	Tuzi Brown — Mon Homme (Sur cette terre) _ Mistinguett _ “My Man” (2025)_frame_000015.png
 47	Tuzi Brown — Mon Homme (Sur cette terre) _ Mistinguett _ “My Man” (2025)_frame_000016.png
 48	Tuzi Brown — Mon Homme (Sur cette terre) _ Mistinguett _ “My Man” (2025)_frame_000017.png
 49	Tuzi Brown — Mon Homme (Sur cette terre) _ Mistinguett _ “My Man” (2025)_frame_000018.png
 50	Tuzi Brown — Mon Homme (Sur cette terre) _ Mistinguett _ “My Man” (2025)_frame_000019.png
 51	Tuzi Brown — Mon Homme (Sur cette terre) _ Mistinguett _ “My Man” (2025)_frame_000020.png
 52	Tuzi Brown — Mon Homme (Sur cette terre) _ Mistinguett _ “My Man” (2025)_frame_000021.png
 53	Tuzi Brown — Mon Homme (Sur cette terre) _ Mistinguett _ “My Man” (2025)_frame_000022.png
 54	Tuzi Brown — Mon Homme (Sur cette terre) _ Mistinguett _ “My Man” (2025)_frame_000023.png
 55	Tuzi Brown — Mon Homme (Sur cette terre) _ Mistinguett _ “My Man” (2025)_frame_000024.png
 56	Tuzi Brown — Mon Homme (Sur cette terre) _ Mistinguett _ “My Man” (2025)_frame_000025.png
 57	Tuzi Brown — Mon Homme (Sur cette terre) _ Mistinguett _ “My Man” (2025)_frame_000026.png
 58	Tuzi Brown — Mon Homme (Sur cette terre) _ Mistinguett _ “My Man” (2025)_frame_000027.png
 59	Tuzi Brown — Mon Homme (Sur cette terre) _ Mistinguett _ “My Man” (2025)_frame_000028.png
 60	Tuzi Brown — Mon Homme (Sur cette terre) _ Mistinguett _ “My Man” (2025)_frame_000029.png
 61	Tuzi Brown — Mon Homme (Sur cette terre) _ Mistinguett _ “My Man” (2025)_frame_000030.png
 62	Tuzi Brown — Mon Homme (Sur cette terre) _ Mistinguett _ “My Man” (2025)_frame_000031.png
 63	Tuzi Brown — Mon Homme (Sur cette terre) _ Mistinguett _ “My Man” (2025)_frame_000032.png
 64	Tuzi Brown — Mon Homme (Sur cette terre) _ Mistinguett _ “My Man” (2025)_frame_000033.png
 65	Tuzi Brown — Mon Homme (Sur cette terre) _ Mistinguett _ “My Man” (2025)_frame_000034.png
 66	Tuzi Brown — Mon Homme (Sur cette terre) _ Mistinguett _ “My Man” (2025)_frame_000035.png
 67	Tuzi Brown — Mon Homme (Sur cette terre) _ Mistinguett _ “My Man” (2025)_frame_000036.png
 68	Tuzi Brown — Mon Homme (Sur cette terre) _ Mistinguett _ “My Man” (2025)_frame_000037.png
 69	Tuzi Brown — Mon Homme (Sur cette terre) _ Mistinguett _ “My Man” (2025)_frame_000038.png
 70	Tuzi Brown — Mon Homme (Sur cette terre) _ Mistinguett _ “My Man” (2025)_frame_000039.png
 71	Tuzi Brown — Mon Homme (Sur cette terre) _ Mistinguett _ “My Man” (2025)_frame_000040.png
 72	Tuzi Brown — Mon Homme (Sur cette terre) _ Mistinguett _ “My Man” (2025)_frame_000041.png
 73	Tuzi Brown — Mon Homme (Sur cette terre) _ Mistinguett _ “My Man” (2025)_frame_000042.png
 74	Tuzi Brown — Mon Homme (Sur cette terre) _ Mistinguett _ “My Man” (2025)_frame_000043.png
 75	Tuzi Brown — Mon Homme (Sur cette terre) _ Mistinguett _ “My Man” (2025)_frame_000044.png
 76	Tuzi Brown — Mon Homme (Sur cette terre) _ Mistinguett _ “My Man” (2025)_frame_000045.png
 77	Tuzi Brown — Mon Homme (Sur cette terre) _ Mistinguett _ “My Man” (2025)_frame_000046.png
 78	Tuzi Brown — Mon Homme (Sur cette terre) _ Mistinguett _ “My Man” (2025)_frame_000047.png
 79	Tuzi Brown — Mon Homme (Sur cette terre) _ Mistinguett _ “My Man” (2025)_frame_000048.png
 80	Tuzi Brown — Mon Homme (Sur cette terre) _ Mistinguett _ “My Man” (2025)_frame_000049.png
 81	Tuzi Brown — Mon Homme (Sur cette terre) _ Mistinguett _ “My Man” (2025)_frame_000050.png
 82	Tuzi Brown — Mon Homme (Sur cette terre) _ Mistinguett _ “My Man” (2025)_frame_000051.png
 83	Tuzi Brown — Mon Homme (Sur cette terre) _ Mistinguett _ “My Man” (2025)_frame_000052.png
 84	Tuzi Brown — Mon Homme (Sur cette terre) _ Mistinguett _ “My Man” (2025)_frame_000053.png
 85	Tuzi Brown — Mon Homme (Sur cette terre) _ Mistinguett _ “My Man” (2025)_frame_000054.png
 86	Tuzi Brown — Mon Homme (Sur cette terre) _ Mistinguett _ “My Man” (2025)_frame_000055.png
 87	Tuzi Brown — Mon Homme (Sur cette terre) _ Mistinguett _ “My Man” (2025)_frame_000056.png
 88	Tuzi Brown — Mon Homme (Sur cette terre) _ Mistinguett _ “My Man” (2025)_frame_000057.png
 89	Tuzi Brown — Mon Homme (Sur cette terre) _ Mistinguett _ “My Man” (2025)_frame_000058.png
 90	Tuzi Brown — Mon Homme (Sur cette terre) _ Mistinguett _ “My Man” (2025)_frame_000059.png
 91	Tuzi Brown — Mon Homme (Sur cette terre) _ Mistinguett _ “My Man” (2025)_frame_000060.png
 92	Tuzi Brown — Mon Homme (Sur cette terre) _ Mistinguett _ “My Man” (2025)_frame_000061.png
 93	Tuzi Brown — Mon Homme (Sur cette terre) _ Mistinguett _ “My Man” (2025)_frame_000062.png
 94	Tuzi Brown — Mon Homme (Sur cette terre) _ Mistinguett _ “My Man” (2025)_frame_000063.png
 95	Tuzi Brown — Mon Homme (Sur cette terre) _ Mistinguett _ “My Man” (2025)_frame_000064.png
 96	Tuzi Brown — Mon Homme (Sur cette terre) _ Mistinguett _ “My Man” (2025)_frame_000065.png
 97	Tuzi Brown — Mon Homme (Sur cette terre) _ Mistinguett _ “My Man” (2025)_frame_000066.png
 98	Tuzi Brown — Mon Homme (Sur cette terre) _ Mistinguett _ “My Man” (2025)_frame_000067.png
 99	Tuzi Brown — Mon Homme (Sur cette terre) _ Mistinguett _ “My Man” (2025)_frame_000068.png
100	Tuzi Brown — Mon Homme (Sur cette terre) _ Mistinguett _ “My Man” (2025)_frame_000069.png
101	Tuzi Brown — Mon Homme (Sur cette terre) _ Mistinguett _ “My Man” (2025)_frame_000070.png
102	Tuzi Brown — Mon Homme (Sur cette terre) _ Mistinguett _ “My Man” (2025)_frame_000071.png
103	Tuzi Brown — Mon Homme (Sur cette terre) _ Mistinguett _ “My Man” (2025)_frame_000072.png
104	Tuzi Brown — Mon Homme (Sur cette terre) _ Mistinguett _ “My Man” (2025)_frame_000073.png
105	Tuzi Brown — Mon Homme (Sur cette terre) _ Mistinguett _ “My Man” (2025)_frame_000074.png
106	Tuzi Brown — Mon Homme (Sur cette terre) _ Mistinguett _ “My Man” (2025)_frame_000075.png
107	Tuzi Brown — Mon Homme (Sur cette terre) _ Mistinguett _ “My Man” (2025)_frame_000076.png
108	Tuzi Brown — Mon Homme (Sur cette terre) _ Mistinguett _ “My Man” (2025)_frame_000077.png
109	Tuzi Brown — Mon Homme (Sur cette terre) _ Mistinguett _ “My Man” (2025)_frame_000078.png
110	Tuzi Brown — Mon Homme (Sur cette terre) _ Mistinguett _ “My Man” (2025)_frame_000079.png
111	Tuzi Brown — Mon Homme (Sur cette terre) _ Mistinguett _ “My Man” (2025)_frame_000080.png
112	Tuzi Brown — Mon Homme (Sur cette terre) _ Mistinguett _ “My Man” (2025)_frame_000081.png
113	Tuzi Brown — Mon Homme (Sur cette terre) _ Mistinguett _ “My Man” (2025)_frame_000082.png
114	Tuzi Brown — Mon Homme (Sur cette terre) _ Mistinguett _ “My Man” (2025)_frame_000083.png
115	Tuzi Brown — Mon Homme (Sur cette terre) _ Mistinguett _ “My Man” (2025)_frame_000084.png
116	Tuzi Brown — Mon Homme (Sur cette terre) _ Mistinguett _ “My Man” (2025)_frame_000085.png
117	Tuzi Brown — Mon Homme (Sur cette terre) _ Mistinguett _ “My Man” (2025)_frame_000086.png
118	Tuzi Brown — Mon Homme (Sur cette terre) _ Mistinguett _ “My Man” (2025)_frame_000087.png
119	Tuzi Brown — Mon Homme (Sur cette terre) _ Mistinguett _ “My Man” (2025)_frame_000088.png
120	Tuzi Brown — Mon Homme (Sur cette terre) _ Mistinguett _ “My Man” (2025)_frame_000089.png
121	Tuzi Brown — Mon Homme (Sur cette terre) _ Mistinguett _ “My Man” (2025)_frame_000090.png
122	Tuzi Brown — Mon Homme (Sur cette terre) _ Mistinguett _ “My Man” (2025)_frame_000091.png
123	Tuzi Brown — Mon Homme (Sur cette terre) _ Mistinguett _ “My Man” (2025)_frame_000092.png
124	Tuzi Brown — Mon Homme (Sur cette terre) _ Mistinguett _ “My Man” (2025)_frame_000093.png
125	Tuzi Brown — Mon Homme (Sur cette terre) _ Mistinguett _ “My Man” (2025)_frame_000094.png
126	Tuzi Brown — Mon Homme (Sur cette terre) _ Mistinguett _ “My Man” (2025)_frame_000095.png
127	Tuzi Brown — Mon Homme (Sur cette terre) _ Mistinguett _ “My Man” (2025)_frame_000096.png
128	Tuzi Brown — Mon Homme (Sur cette terre) _ Mistinguett _ “My Man” (2025)_frame_000097.png
129	Tuzi Brown — Mon Homme (Sur cette terre) _ Mistinguett _ “My Man” (2025)_frame_000098.png
130	Tuzi Brown — Mon Homme (Sur cette terre) _ Mistinguett _ “My Man” (2025)_frame_000099.png
131	Tuzi Brown — Mon Homme (Sur cette terre) _ Mistinguett _ “My Man” (2025)_frame_000100.png
132	Tuzi Brown — Mon Homme (Sur cette terre) _ Mistinguett _ “My Man” (2025)_frame_000101.png
133	Tuzi Brown — Mon Homme (Sur cette terre) _ Mistinguett _ “My Man” (2025)_frame_000102.png
134	Tuzi Brown — Mon Homme (Sur cette terre) _ Mistinguett _ “My Man” (2025)_frame_000103.png
135	Tuzi Brown — Mon Homme (Sur cette terre) _ Mistinguett _ “My Man” (2025)_frame_000104.png
136	Tuzi Brown — Mon Homme (Sur cette terre) _ Mistinguett _ “My Man” (2025)_frame_000105.png
137	Tuzi Brown — Mon Homme (Sur cette terre) _ Mistinguett _ “My Man” (2025)_frame_000106.png
138	Tuzi Brown — Mon Homme (Sur cette terre) _ Mistinguett _ “My Man” (2025)_frame_000107.png
139	Tuzi Brown — Mon Homme (Sur cette terre) _ Mistinguett _ “My Man” (2025)_frame_000108.png
140	Tuzi Brown — Mon Homme (Sur cette terre) _ Mistinguett _ “My Man” (2025)_frame_000109.png
141	Tuzi Brown — Mon Homme (Sur cette terre) _ Mistinguett _ “My Man” (2025)_frame_000110.png
142	Tuzi Brown — Mon Homme (Sur cette terre) _ Mistinguett _ “My Man” (2025)_frame_000111.png
143	Tuzi Brown — Mon Homme (Sur cette terre) _ Mistinguett _ “My Man” (2025)_frame_000112.png
144	Tuzi Brown — Mon Homme (Sur cette terre) _ Mistinguett _ “My Man” (2025)_frame_000113.png
145	Tuzi Brown — Mon Homme (Sur cette terre) _ Mistinguett _ “My Man” (2025)_frame_000114.png
146	Tuzi Brown — Mon Homme (Sur cette terre) _ Mistinguett _ “My Man” (2025)_frame_000115.png
147	hf_20260628_210209_67d56f01-8dfd-44bf-9d24-5f518b274187.png
148	hf_20260628_210306_a7aab5f0-960c-4cb2-97c4-746c784faf3e.png
149	hf_20260628_210336_d69a92a1-8b68-479c-95aa-6bbc183e8940.png
150	hf_20260628_210351_42dd9fcf-ebc1-47fb-8c8f-1627622310d0.png
151	hf_20260628_210432_8c8bf8ee-b4ba-4ced-8688-17054dc6856d.png
152	hf_20260628_212238_a124ba0e-ee4f-44ad-ab9a-445f801f9b10.png
153	hf_20260628_212502_080f6533-22ba-42b4-ab41-e17f9476975c.png
154	hf_20260628_212502_72dafb19-aac5-4908-9eba-35391c1f41dc.png
155	hf_20260628_212502_840f896d-bfa1-4358-80df-3a0650143a8b.png
156	hf_20260628_212502_beeeea3a-d271-49b1-b20e-839368e625d8.png
157	hf_20260628_212502_d553f7eb-fdab-413c-b767-2e11175b9134.png
158	hf_20260628_212503_2631e39c-4572-44bb-8f77-aa369bfb7b1b.png
159	hf_20260628_212503_38cb08e3-0516-432c-acee-12ccfcfc8e96.png
160	hf_20260628_212503_a20c1e30-f4e6-4fa1-92ce-2d6bb2b78cfa.png
161	hf_20260628_212503_c19abeb0-80d1-4cd6-bcac-a580d0c43770.png
162	hf_20260628_212622_09b055cf-795c-4f61-bdf7-c6dbdd86b6bc.png
163	hf_20260628_212622_2f383a43-7792-48ac-9d8f-bba0973940df.png
164	hf_20260628_212622_731a3280-a77b-41c0-a638-937e847e0600.png
165	hf_20260628_212622_ae210fab-340c-45d8-ae88-f5c80866a6cb.png
166	hf_20260628_212622_b9092dba-418c-44e4-9fb6-139fa6c1d5c8.png
167	hf_20260628_212623_5278da02-7dd9-482c-8942-951071341251.png
168	hf_20260628_212623_ea798cee-445a-475c-8d16-7ccaf0c2fea3.png
169	hf_20260628_213756_86984dcb-eadf-42ea-938b-7a4fdbc559fd.png
170	hf_20260628_213757_eeb2efd0-1611-4e9f-8804-204fc028a4ac.png
171	hf_20260628_220735_2b4ecaa6-cc4e-4025-a013-6d5104d9e75a_frame_000001.png
172	hf_20260628_220735_2b4ecaa6-cc4e-4025-a013-6d5104d9e75a_frame_000002.png
173	hf_20260628_220735_2b4ecaa6-cc4e-4025-a013-6d5104d9e75a_frame_000003.png
174	hf_20260628_220735_2b4ecaa6-cc4e-4025-a013-6d5104d9e75a_frame_000004.png
175	hf_20260628_220735_2b4ecaa6-cc4e-4025-a013-6d5104d9e75a_frame_000005.png
176	hf_20260628_220736_71778c00-7922-4b92-900a-05d0e685b0e9_frame_000001.png
177	hf_20260628_220736_71778c00-7922-4b92-900a-05d0e685b0e9_frame_000002.png
178	hf_20260628_220736_71778c00-7922-4b92-900a-05d0e685b0e9_frame_000003.png
179	hf_20260628_220736_71778c00-7922-4b92-900a-05d0e685b0e9_frame_000004.png
180	hf_20260628_220736_71778c00-7922-4b92-900a-05d0e685b0e9_frame_000005.png
181	hf_20260628_220739_bbf83c3e-ada2-469e-aeb8-26750feb56c7_frame_000001.png
182	hf_20260628_220739_bbf83c3e-ada2-469e-aeb8-26750feb56c7_frame_000002.png
183	hf_20260628_220739_bbf83c3e-ada2-469e-aeb8-26750feb56c7_frame_000003.png
184	hf_20260628_220739_bbf83c3e-ada2-469e-aeb8-26750feb56c7_frame_000004.png
185	hf_20260628_220739_bbf83c3e-ada2-469e-aeb8-26750feb56c7_frame_000005.png
186	hf_20260628_220740_800469db-dd6a-4940-a6f2-9209110a7fbe_frame_000001.png
187	hf_20260628_220740_800469db-dd6a-4940-a6f2-9209110a7fbe_frame_000002.png
188	hf_20260628_220740_800469db-dd6a-4940-a6f2-9209110a7fbe_frame_000003.png
189	hf_20260628_220740_800469db-dd6a-4940-a6f2-9209110a7fbe_frame_000004.png
190	hf_20260628_220740_800469db-dd6a-4940-a6f2-9209110a7fbe_frame_000005.png
191	hf_20260628_220742_ebd8404a-63c6-4d93-984f-35df51edb690_frame_000001.png
192	hf_20260628_220742_ebd8404a-63c6-4d93-984f-35df51edb690_frame_000002.png
193	hf_20260628_220742_ebd8404a-63c6-4d93-984f-35df51edb690_frame_000003.png
194	hf_20260628_220742_ebd8404a-63c6-4d93-984f-35df51edb690_frame_000004.png
195	hf_20260628_220742_ebd8404a-63c6-4d93-984f-35df51edb690_frame_000005.png
196	hf_20260628_220746_d8ade081-9b14-457d-b0f1-1061d7f6a5b2_frame_000001.png
197	hf_20260628_220746_d8ade081-9b14-457d-b0f1-1061d7f6a5b2_frame_000002.png
198	hf_20260628_220746_d8ade081-9b14-457d-b0f1-1061d7f6a5b2_frame_000003.png
199	hf_20260628_220746_d8ade081-9b14-457d-b0f1-1061d7f6a5b2_frame_000004.png
200	hf_20260628_220746_d8ade081-9b14-457d-b0f1-1061d7f6a5b2_frame_000005.png
201	hf_20260628_220747_88b45f1d-89e2-448e-ad90-4648b948b660_frame_000001.png
202	hf_20260628_220747_88b45f1d-89e2-448e-ad90-4648b948b660_frame_000002.png
203	hf_20260628_220747_88b45f1d-89e2-448e-ad90-4648b948b660_frame_000003.png
204	hf_20260628_220747_88b45f1d-89e2-448e-ad90-4648b948b660_frame_000004.png
205	hf_20260628_220747_88b45f1d-89e2-448e-ad90-4648b948b660_frame_000005.png
206	hf_20260628_221953_a08eead5-fe2a-4add-b84f-55852e666441_frame_000001.png
207	hf_20260628_221953_a08eead5-fe2a-4add-b84f-55852e666441_frame_000002.png
208	hf_20260628_221953_a08eead5-fe2a-4add-b84f-55852e666441_frame_000003.png
209	hf_20260628_221953_a08eead5-fe2a-4add-b84f-55852e666441_frame_000004.png
210	hf_20260628_221953_a08eead5-fe2a-4add-b84f-55852e666441_frame_000005.png
211	hf_20260628_221955_aebeff75-7cab-4188-ab51-d1cd91c4e89d_frame_000001.png
212	hf_20260628_221955_aebeff75-7cab-4188-ab51-d1cd91c4e89d_frame_000002.png
213	hf_20260628_221955_aebeff75-7cab-4188-ab51-d1cd91c4e89d_frame_000003.png
214	hf_20260628_221955_aebeff75-7cab-4188-ab51-d1cd91c4e89d_frame_000004.png
215	hf_20260628_221955_aebeff75-7cab-4188-ab51-d1cd91c4e89d_frame_000005.png
216	hf_20260628_221956_08ea4ad4-bb03-4151-a99f-15bd502df459_frame_000001.png
217	hf_20260628_221956_08ea4ad4-bb03-4151-a99f-15bd502df459_frame_000002.png
218	hf_20260628_221956_08ea4ad4-bb03-4151-a99f-15bd502df459_frame_000003.png
219	hf_20260628_221956_08ea4ad4-bb03-4151-a99f-15bd502df459_frame_000004.png
220	hf_20260628_221956_08ea4ad4-bb03-4151-a99f-15bd502df459_frame_000005.png
221	hf_20260628_221956_1118a836-24b8-4437-baeb-bd82e6107444_frame_000001.png
222	hf_20260628_221956_1118a836-24b8-4437-baeb-bd82e6107444_frame_000002.png
223	hf_20260628_221956_1118a836-24b8-4437-baeb-bd82e6107444_frame_000003.png
224	hf_20260628_221956_1118a836-24b8-4437-baeb-bd82e6107444_frame_000004.png
225	hf_20260628_221956_1118a836-24b8-4437-baeb-bd82e6107444_frame_000005.png
226	hf_20260628_221957_e4f6dc6c-8254-46db-9360-646c1a925ae5_frame_000001.png
227	hf_20260628_221957_e4f6dc6c-8254-46db-9360-646c1a925ae5_frame_000002.png
228	hf_20260628_221957_e4f6dc6c-8254-46db-9360-646c1a925ae5_frame_000003.png
229	hf_20260628_221957_e4f6dc6c-8254-46db-9360-646c1a925ae5_frame_000004.png
230	hf_20260628_221957_e4f6dc6c-8254-46db-9360-646c1a925ae5_frame_000005.png
231	hf_20260628_221958_f0d66811-34e8-4a5c-9fd9-83390d83525d_frame_000001.png
232	hf_20260628_221958_f0d66811-34e8-4a5c-9fd9-83390d83525d_frame_000002.png
233	hf_20260628_221958_f0d66811-34e8-4a5c-9fd9-83390d83525d_frame_000003.png
234	hf_20260628_221958_f0d66811-34e8-4a5c-9fd9-83390d83525d_frame_000004.png
235	hf_20260628_221958_f0d66811-34e8-4a5c-9fd9-83390d83525d_frame_000005.png
236	hf_20260628_222006_92d8e7ad-221e-4a2b-9ef2-31ac0db5cc7e_frame_000001.png
237	hf_20260628_222006_92d8e7ad-221e-4a2b-9ef2-31ac0db5cc7e_frame_000002.png
238	hf_20260628_222006_92d8e7ad-221e-4a2b-9ef2-31ac0db5cc7e_frame_000003.png
239	hf_20260628_222006_92d8e7ad-221e-4a2b-9ef2-31ac0db5cc7e_frame_000004.png
240	hf_20260628_222006_92d8e7ad-221e-4a2b-9ef2-31ac0db5cc7e_frame_000005.png
