new_path,original_filename,index
references/characters/tuzi/tuzi-001.png,Tuzi Brown — Mon Homme (Sur cette terre) _ Mistinguett _ “My Man” (2025) (1)_frame_000001.png,001
references/characters/tuzi/tuzi-002.png,Tuzi Brown — Mon Homme (Sur cette terre) _ Mistinguett _ “My Man” (2025) (1)_frame_000002.png,002
references/characters/tuzi/tuzi-003.png,Tuzi Brown — Mon Homme (Sur cette terre) _ Mistinguett _ “My Man” (2025) (1)_frame_000011.png,005
references/characters/tuzi/tuzi-004.png,Tuzi Brown — Mon Homme (Sur cette terre) _ Mistinguett _ “My Man” (2025) (1)_frame_000023.png,008
references/characters/tuzi/tuzi-005.png,Tuzi Brown — Mon Homme (Sur cette terre) _ Mistinguett _ “My Man” (2025) (1)_frame_000032.png,010
references/characters/tuzi/tuzi-006.png,Tuzi Brown — Mon Homme (Sur cette terre) _ Mistinguett _ “My Man” (2025) (1)_frame_000033.png,011
references/characters/tuzi/tuzi-007.png,Tuzi Brown — Mon Homme (Sur cette terre) _ Mistinguett _ “My Man” (2025) (1)_frame_000039.png,013
references/characters/tuzi/tuzi-008.png,Tuzi Brown — Mon Homme (Sur cette terre) _ Mistinguett _ “My Man” (2025) (1)_frame_000048.png,015
references/characters/tuzi/tuzi-009.png,Tuzi Brown — Mon Homme (Sur cette terre) _ Mistinguett _ “My Man” (2025) (1)_frame_000054.png,017
references/characters/tuzi/tuzi-010.png,Tuzi Brown — Mon Homme (Sur cette terre) _ Mistinguett _ “My Man” (2025) (1)_frame_000055.png,018
references/characters/tuzi/tuzi-011.png,Tuzi Brown — Mon Homme (Sur cette terre) _ Mistinguett _ “My Man” (2025) (1)_frame_000059.png,020
references/characters/tuzi/tuzi-012.png,Tuzi Brown — Mon Homme (Sur cette terre) _ Mistinguett _ “My Man” (2025) (1)_frame_000065.png,021
references/characters/tuzi/tuzi-013.png,Tuzi Brown — Mon Homme (Sur cette terre) _ Mistinguett _ “My Man” (2025) (1)_frame_000068.png,024
references/characters/tuzi/tuzi-014.png,Tuzi Brown — Mon Homme (Sur cette terre) _ Mistinguett _ “My Man” (2025) (1)_frame_000083.png,026
references/characters/tuzi/tuzi-015.png,Tuzi Brown — Mon Homme (Sur cette terre) _ Mistinguett _ “My Man” (2025)_frame_000001.png,032
references/characters/tuzi/tuzi-016.png,Tuzi Brown — Mon Homme (Sur cette terre) _ Mistinguett _ “My Man” (2025)_frame_000002.png,033
references/characters/tuzi/tuzi-017.png,Tuzi Brown — Mon Homme (Sur cette terre) _ Mistinguett _ “My Man” (2025)_frame_000003.png,034
references/characters/tuzi/tuzi-018.png,Tuzi Brown — Mon Homme (Sur cette terre) _ Mistinguett _ “My Man” (2025)_frame_000007.png,038
references/characters/tuzi/tuzi-019.png,Tuzi Brown — Mon Homme (Sur cette terre) _ Mistinguett _ “My Man” (2025)_frame_000008.png,039
references/characters/tuzi/tuzi-020.png,Tuzi Brown — Mon Homme (Sur cette terre) _ Mistinguett _ “My Man” (2025)_frame_000009.png,040
references/characters/tuzi/tuzi-021.png,Tuzi Brown — Mon Homme (Sur cette terre) _ Mistinguett _ “My Man” (2025)_frame_000010.png,041
references/characters/tuzi/tuzi-022.png,Tuzi Brown — Mon Homme (Sur cette terre) _ Mistinguett _ “My Man” (2025)_frame_000011.png,042
references/characters/tuzi/tuzi-023.png,Tuzi Brown — Mon Homme (Sur cette terre) _ Mistinguett _ “My Man” (2025)_frame_000012.png,043
references/characters/tuzi/tuzi-024.png,Tuzi Brown — Mon Homme (Sur cette terre) _ Mistinguett _ “My Man” (2025)_frame_000013.png,044
references/characters/tuzi/tuzi-025.png,Tuzi Brown — Mon Homme (Sur cette terre) _ Mistinguett _ “My Man” (2025)_frame_000015.png,046
references/characters/tuzi/tuzi-026.png,Tuzi Brown — Mon Homme (Sur cette terre) _ Mistinguett _ “My Man” (2025)_frame_000016.png,047
references/characters/tuzi/tuzi-027.png,Tuzi Brown — Mon Homme (Sur cette terre) _ Mistinguett _ “My Man” (2025)_frame_000017.png,048
references/characters/tuzi/tuzi-028.png,Tuzi Brown — Mon Homme (Sur cette terre) _ Mistinguett _ “My Man” (2025)_frame_000018.png,049
references/characters/tuzi/tuzi-029.png,Tuzi Brown — Mon Homme (Sur cette terre) _ Mistinguett _ “My Man” (2025)_frame_000021.png,052
references/characters/tuzi/tuzi-030.png,Tuzi Brown — Mon Homme (Sur cette terre) _ Mistinguett _ “My Man” (2025)_frame_000022.png,053
references/characters/tuzi/tuzi-031.png,Tuzi Brown — Mon Homme (Sur cette terre) _ Mistinguett _ “My Man” (2025)_frame_000023.png,054
references/characters/tuzi/tuzi-032.png,Tuzi Brown — Mon Homme (Sur cette terre) _ Mistinguett _ “My Man” (2025)_frame_000024.png,055
references/characters/tuzi/tuzi-033.png,Tuzi Brown — Mon Homme (Sur cette terre) _ Mistinguett _ “My Man” (2025)_frame_000025.png,056
references/characters/tuzi/tuzi-034.png,Tuzi Brown — Mon Homme (Sur cette terre) _ Mistinguett _ “My Man” (2025)_frame_000026.png,057
references/characters/tuzi/tuzi-035.png,Tuzi Brown — Mon Homme (Sur cette terre) _ Mistinguett _ “My Man” (2025)_frame_000027.png,058
references/characters/tuzi/tuzi-036.png,Tuzi Brown — Mon Homme (Sur cette terre) _ Mistinguett _ “My Man” (2025)_frame_000028.png,059
references/characters/tuzi/tuzi-037.png,Tuzi Brown — Mon Homme (Sur cette terre) _ Mistinguett _ “My Man” (2025)_frame_000029.png,060
references/characters/tuzi/tuzi-038.png,Tuzi Brown — Mon Homme (Sur cette terre) _ Mistinguett _ “My Man” (2025)_frame_000032.png,063
references/characters/tuzi/tuzi-039.png,Tuzi Brown — Mon Homme (Sur cette terre) _ Mistinguett _ “My Man” (2025)_frame_000033.png,064
references/characters/tuzi/tuzi-040.png,Tuzi Brown — Mon Homme (Sur cette terre) _ Mistinguett _ “My Man” (2025)_frame_000034.png,065
references/characters/tuzi/tuzi-041.png,Tuzi Brown — Mon Homme (Sur cette terre) _ Mistinguett _ “My Man” (2025)_frame_000038.png,069
references/characters/tuzi/tuzi-042.png,Tuzi Brown — Mon Homme (Sur cette terre) _ Mistinguett _ “My Man” (2025)_frame_000039.png,070
references/characters/tuzi/tuzi-043.png,Tuzi Brown — Mon Homme (Sur cette terre) _ Mistinguett _ “My Man” (2025)_frame_000040.png,071
references/characters/tuzi/tuzi-044.png,Tuzi Brown — Mon Homme (Sur cette terre) _ Mistinguett _ “My Man” (2025)_frame_000041.png,072
references/characters/tuzi/tuzi-045.png,Tuzi Brown — Mon Homme (Sur cette terre) _ Mistinguett _ “My Man” (2025)_frame_000044.png,075
references/characters/tuzi/tuzi-046.png,Tuzi Brown — Mon Homme (Sur cette terre) _ Mistinguett _ “My Man” (2025)_frame_000045.png,076
references/characters/tuzi/tuzi-047.png,Tuzi Brown — Mon Homme (Sur cette terre) _ Mistinguett _ “My Man” (2025)_frame_000046.png,077
references/characters/tuzi/tuzi-048.png,Tuzi Brown — Mon Homme (Sur cette terre) _ Mistinguett _ “My Man” (2025)_frame_000047.png,078
references/characters/tuzi/tuzi-049.png,Tuzi Brown — Mon Homme (Sur cette terre) _ Mistinguett _ “My Man” (2025)_frame_000048.png,079
references/characters/tuzi/tuzi-050.png,Tuzi Brown — Mon Homme (Sur cette terre) _ Mistinguett _ “My Man” (2025)_frame_000049.png,080
references/characters/tuzi/tuzi-051.png,Tuzi Brown — Mon Homme (Sur cette terre) _ Mistinguett _ “My Man” (2025)_frame_000050.png,081
references/characters/tuzi/tuzi-052.png,Tuzi Brown — Mon Homme (Sur cette terre) _ Mistinguett _ “My Man” (2025)_frame_000051.png,082
references/characters/tuzi/tuzi-053.png,Tuzi Brown — Mon Homme (Sur cette terre) _ Mistinguett _ “My Man” (2025)_frame_000054.png,085
references/characters/tuzi/tuzi-054.png,Tuzi Brown — Mon Homme (Sur cette terre) _ Mistinguett _ “My Man” (2025)_frame_000055.png,086
references/characters/tuzi/tuzi-055.png,Tuzi Brown — Mon Homme (Sur cette terre) _ Mistinguett _ “My Man” (2025)_frame_000059.png,090
references/characters/tuzi/tuzi-056.png,Tuzi Brown — Mon Homme (Sur cette terre) _ Mistinguett _ “My Man” (2025)_frame_000060.png,091
references/characters/tuzi/tuzi-057.png,Tuzi Brown — Mon Homme (Sur cette terre) _ Mistinguett _ “My Man” (2025)_frame_000061.png,092
references/characters/tuzi/tuzi-058.png,Tuzi Brown — Mon Homme (Sur cette terre) _ Mistinguett _ “My Man” (2025)_frame_000062.png,093
references/characters/tuzi/tuzi-059.png,Tuzi Brown — Mon Homme (Sur cette terre) _ Mistinguett _ “My Man” (2025)_frame_000063.png,094
references/characters/tuzi/tuzi-060.png,Tuzi Brown — Mon Homme (Sur cette terre) _ Mistinguett _ “My Man” (2025)_frame_000064.png,095
references/characters/tuzi/tuzi-061.png,Tuzi Brown — Mon Homme (Sur cette terre) _ Mistinguett _ “My Man” (2025)_frame_000065.png,096
references/characters/tuzi/tuzi-062.png,Tuzi Brown — Mon Homme (Sur cette terre) _ Mistinguett _ “My Man” (2025)_frame_000068.png,099
references/characters/tuzi/tuzi-063.png,Tuzi Brown — Mon Homme (Sur cette terre) _ Mistinguett _ “My Man” (2025)_frame_000069.png,100
references/characters/tuzi/tuzi-064.png,Tuzi Brown — Mon Homme (Sur cette terre) _ Mistinguett _ “My Man” (2025)_frame_000070.png,101
references/characters/tuzi/tuzi-065.png,Tuzi Brown — Mon Homme (Sur cette terre) _ Mistinguett _ “My Man” (2025)_frame_000071.png,102
references/characters/tuzi/tuzi-066.png,Tuzi Brown — Mon Homme (Sur cette terre) _ Mistinguett _ “My Man” (2025)_frame_000072.png,103
references/characters/tuzi/tuzi-067.png,Tuzi Brown — Mon Homme (Sur cette terre) _ Mistinguett _ “My Man” (2025)_frame_000073.png,104
references/characters/tuzi/tuzi-068.png,Tuzi Brown — Mon Homme (Sur cette terre) _ Mistinguett _ “My Man” (2025)_frame_000074.png,105
references/characters/tuzi/tuzi-069.png,Tuzi Brown — Mon Homme (Sur cette terre) _ Mistinguett _ “My Man” (2025)_frame_000078.png,109
references/characters/tuzi/tuzi-070.png,Tuzi Brown — Mon Homme (Sur cette terre) _ Mistinguett _ “My Man” (2025)_frame_000079.png,110
references/characters/tuzi/tuzi-071.png,Tuzi Brown — Mon Homme (Sur cette terre) _ Mistinguett _ “My Man” (2025)_frame_000080.png,111
references/characters/tuzi/tuzi-072.png,Tuzi Brown — Mon Homme (Sur cette terre) _ Mistinguett _ “My Man” (2025)_frame_000081.png,112
references/characters/tuzi/tuzi-073.png,Tuzi Brown — Mon Homme (Sur cette terre) _ Mistinguett _ “My Man” (2025)_frame_000083.png,114
references/characters/tuzi/tuzi-074.png,Tuzi Brown — Mon Homme (Sur cette terre) _ Mistinguett _ “My Man” (2025)_frame_000084.png,115
references/characters/tuzi/tuzi-075.png,Tuzi Brown — Mon Homme (Sur cette terre) _ Mistinguett _ “My Man” (2025)_frame_000087.png,118
references/characters/tuzi/tuzi-076.png,Tuzi Brown — Mon Homme (Sur cette terre) _ Mistinguett _ “My Man” (2025)_frame_000088.png,119
references/characters/tuzi/tuzi-077.png,Tuzi Brown — Mon Homme (Sur cette terre) _ Mistinguett _ “My Man” (2025)_frame_000089.png,120
references/characters/tuzi/tuzi-078.png,Tuzi Brown — Mon Homme (Sur cette terre) _ Mistinguett _ “My Man” (2025)_frame_000090.png,121
references/characters/tuzi/tuzi-079.png,Tuzi Brown — Mon Homme (Sur cette terre) _ Mistinguett _ “My Man” (2025)_frame_000091.png,122
references/characters/tuzi/tuzi-080.png,Tuzi Brown — Mon Homme (Sur cette terre) _ Mistinguett _ “My Man” (2025)_frame_000092.png,123
references/characters/tuzi/tuzi-081.png,Tuzi Brown — Mon Homme (Sur cette terre) _ Mistinguett _ “My Man” (2025)_frame_000093.png,124
references/characters/tuzi/tuzi-082.png,Tuzi Brown — Mon Homme (Sur cette terre) _ Mistinguett _ “My Man” (2025)_frame_000094.png,125
references/characters/tuzi/tuzi-083.png,Tuzi Brown — Mon Homme (Sur cette terre) _ Mistinguett _ “My Man” (2025)_frame_000098.png,129
references/characters/tuzi/tuzi-084.png,Tuzi Brown — Mon Homme (Sur cette terre) _ Mistinguett _ “My Man” (2025)_frame_000099.png,130
references/characters/tuzi/tuzi-085.png,Tuzi Brown — Mon Homme (Sur cette terre) _ Mistinguett _ “My Man” (2025)_frame_000100.png,131
references/characters/tuzi/tuzi-086.png,Tuzi Brown — Mon Homme (Sur cette terre) _ Mistinguett _ “My Man” (2025)_frame_000102.png,133
references/characters/tuzi/tuzi-087.png,Tuzi Brown — Mon Homme (Sur cette terre) _ Mistinguett _ “My Man” (2025)_frame_000103.png,134
references/characters/tuzi/tuzi-088.png,Tuzi Brown — Mon Homme (Sur cette terre) _ Mistinguett _ “My Man” (2025)_frame_000104.png,135
references/characters/tuzi/tuzi-089.png,Tuzi Brown — Mon Homme (Sur cette terre) _ Mistinguett _ “My Man” (2025)_frame_000105.png,136
references/characters/tuzi/tuzi-090.png,Tuzi Brown — Mon Homme (Sur cette terre) _ Mistinguett _ “My Man” (2025)_frame_000106.png,137
references/characters/tuzi/tuzi-091.png,Tuzi Brown — Mon Homme (Sur cette terre) _ Mistinguett _ “My Man” (2025)_frame_000108.png,139
references/characters/tuzi/tuzi-092.png,Tuzi Brown — Mon Homme (Sur cette terre) _ Mistinguett _ “My Man” (2025)_frame_000113.png,144
references/characters/tuzi/tuzi-093.png,Tuzi Brown — Mon Homme (Sur cette terre) _ Mistinguett _ “My Man” (2025)_frame_000114.png,145
references/characters/tuzi/tuzi-094.png,hf_20260628_210209_67d56f01-8dfd-44bf-9d24-5f518b274187.png,147
references/characters/tuzi/tuzi-095.png,hf_20260628_210306_a7aab5f0-960c-4cb2-97c4-746c784faf3e.png,148
references/characters/tuzi/tuzi-096.png,hf_20260628_210336_d69a92a1-8b68-479c-95aa-6bbc183e8940.png,149
references/characters/tuzi/tuzi-097.png,hf_20260628_210351_42dd9fcf-ebc1-47fb-8c8f-1627622310d0.png,150
references/characters/tuzi/tuzi-098.png,hf_20260628_210432_8c8bf8ee-b4ba-4ced-8688-17054dc6856d.png,151
references/characters/tuzi/tuzi-099.png,hf_20260628_212238_a124ba0e-ee4f-44ad-ab9a-445f801f9b10.png,152
references/characters/tuzi/tuzi-100.png,hf_20260628_212502_080f6533-22ba-42b4-ab41-e17f9476975c.png,153
references/characters/tuzi/tuzi-101.png,hf_20260628_212502_72dafb19-aac5-4908-9eba-35391c1f41dc.png,154
references/characters/tuzi/tuzi-102.png,hf_20260628_212502_840f896d-bfa1-4358-80df-3a0650143a8b.png,155
references/characters/tuzi/tuzi-103.png,hf_20260628_212502_beeeea3a-d271-49b1-b20e-839368e625d8.png,156
references/characters/tuzi/tuzi-104.png,hf_20260628_212502_d553f7eb-fdab-413c-b767-2e11175b9134.png,157
references/characters/tuzi/tuzi-105.png,hf_20260628_212503_2631e39c-4572-44bb-8f77-aa369bfb7b1b.png,158
references/characters/tuzi/tuzi-106.png,hf_20260628_212503_38cb08e3-0516-432c-acee-12ccfcfc8e96.png,159
references/characters/tuzi/tuzi-107.png,hf_20260628_212503_a20c1e30-f4e6-4fa1-92ce-2d6bb2b78cfa.png,160
references/characters/tuzi/tuzi-108.png,hf_20260628_212503_c19abeb0-80d1-4cd6-bcac-a580d0c43770.png,161
references/characters/tuzi/tuzi-109.png,hf_20260628_212622_09b055cf-795c-4f61-bdf7-c6dbdd86b6bc.png,162
references/characters/tuzi/tuzi-110.png,hf_20260628_212622_2f383a43-7792-48ac-9d8f-bba0973940df.png,163
references/characters/tuzi/tuzi-111.png,hf_20260628_212622_731a3280-a77b-41c0-a638-937e847e0600.png,164
references/characters/tuzi/tuzi-112.png,hf_20260628_212622_ae210fab-340c-45d8-ae88-f5c80866a6cb.png,165
references/characters/tuzi/tuzi-113.png,hf_20260628_212622_b9092dba-418c-44e4-9fb6-139fa6c1d5c8.png,166
references/characters/tuzi/tuzi-114.png,hf_20260628_212623_5278da02-7dd9-482c-8942-951071341251.png,167
references/characters/tuzi/tuzi-115.png,hf_20260628_212623_ea798cee-445a-475c-8d16-7ccaf0c2fea3.png,168
references/characters/tuzi/tuzi-116.png,hf_20260628_213756_86984dcb-eadf-42ea-938b-7a4fdbc559fd.png,169
references/characters/tuzi/tuzi-117.png,hf_20260628_213757_eeb2efd0-1611-4e9f-8804-204fc028a4ac.png,170
references/characters/tuzi/tuzi-118.png,hf_20260628_220735_2b4ecaa6-cc4e-4025-a013-6d5104d9e75a_frame_000001.png,171
references/characters/tuzi/tuzi-119.png,hf_20260628_220735_2b4ecaa6-cc4e-4025-a013-6d5104d9e75a_frame_000002.png,172
references/characters/tuzi/tuzi-120.png,hf_20260628_220735_2b4ecaa6-cc4e-4025-a013-6d5104d9e75a_frame_000003.png,173
references/characters/tuzi/tuzi-121.png,hf_20260628_220735_2b4ecaa6-cc4e-4025-a013-6d5104d9e75a_frame_000004.png,174
references/characters/tuzi/tuzi-122.png,hf_20260628_220735_2b4ecaa6-cc4e-4025-a013-6d5104d9e75a_frame_000005.png,175
references/characters/tuzi/tuzi-123.png,hf_20260628_220736_71778c00-7922-4b92-900a-05d0e685b0e9_frame_000001.png,176
references/characters/tuzi/tuzi-124.png,hf_20260628_220736_71778c00-7922-4b92-900a-05d0e685b0e9_frame_000002.png,177
references/characters/tuzi/tuzi-125.png,hf_20260628_220736_71778c00-7922-4b92-900a-05d0e685b0e9_frame_000003.png,178
references/characters/tuzi/tuzi-126.png,hf_20260628_220736_71778c00-7922-4b92-900a-05d0e685b0e9_frame_000004.png,179
references/characters/tuzi/tuzi-127.png,hf_20260628_220736_71778c00-7922-4b92-900a-05d0e685b0e9_frame_000005.png,180
references/characters/tuzi/tuzi-128.png,hf_20260628_220739_bbf83c3e-ada2-469e-aeb8-26750feb56c7_frame_000001.png,181
references/characters/tuzi/tuzi-129.png,hf_20260628_220739_bbf83c3e-ada2-469e-aeb8-26750feb56c7_frame_000002.png,182
references/characters/tuzi/tuzi-130.png,hf_20260628_220739_bbf83c3e-ada2-469e-aeb8-26750feb56c7_frame_000003.png,183
references/characters/tuzi/tuzi-131.png,hf_20260628_220739_bbf83c3e-ada2-469e-aeb8-26750feb56c7_frame_000004.png,184
references/characters/tuzi/tuzi-132.png,hf_20260628_220739_bbf83c3e-ada2-469e-aeb8-26750feb56c7_frame_000005.png,185
references/characters/tuzi/tuzi-133.png,hf_20260628_220740_800469db-dd6a-4940-a6f2-9209110a7fbe_frame_000001.png,186
references/characters/tuzi/tuzi-134.png,hf_20260628_220740_800469db-dd6a-4940-a6f2-9209110a7fbe_frame_000002.png,187
references/characters/tuzi/tuzi-135.png,hf_20260628_220740_800469db-dd6a-4940-a6f2-9209110a7fbe_frame_000003.png,188
references/characters/tuzi/tuzi-136.png,hf_20260628_220740_800469db-dd6a-4940-a6f2-9209110a7fbe_frame_000004.png,189
references/characters/tuzi/tuzi-137.png,hf_20260628_220740_800469db-dd6a-4940-a6f2-9209110a7fbe_frame_000005.png,190
references/characters/tuzi/tuzi-138.png,hf_20260628_220742_ebd8404a-63c6-4d93-984f-35df51edb690_frame_000001.png,191
references/characters/tuzi/tuzi-139.png,hf_20260628_220742_ebd8404a-63c6-4d93-984f-35df51edb690_frame_000002.png,192
references/characters/tuzi/tuzi-140.png,hf_20260628_220742_ebd8404a-63c6-4d93-984f-35df51edb690_frame_000003.png,193
references/characters/tuzi/tuzi-141.png,hf_20260628_220742_ebd8404a-63c6-4d93-984f-35df51edb690_frame_000004.png,194
references/characters/tuzi/tuzi-142.png,hf_20260628_220742_ebd8404a-63c6-4d93-984f-35df51edb690_frame_000005.png,195
references/characters/tuzi/tuzi-143.png,hf_20260628_220746_d8ade081-9b14-457d-b0f1-1061d7f6a5b2_frame_000001.png,196
references/characters/tuzi/tuzi-144.png,hf_20260628_220746_d8ade081-9b14-457d-b0f1-1061d7f6a5b2_frame_000002.png,197
references/characters/tuzi/tuzi-145.png,hf_20260628_220746_d8ade081-9b14-457d-b0f1-1061d7f6a5b2_frame_000003.png,198
references/characters/tuzi/tuzi-146.png,hf_20260628_220746_d8ade081-9b14-457d-b0f1-1061d7f6a5b2_frame_000004.png,199
references/characters/tuzi/tuzi-147.png,hf_20260628_220746_d8ade081-9b14-457d-b0f1-1061d7f6a5b2_frame_000005.png,200
references/characters/tuzi/tuzi-148.png,hf_20260628_220747_88b45f1d-89e2-448e-ad90-4648b948b660_frame_000001.png,201
references/characters/tuzi/tuzi-149.png,hf_20260628_220747_88b45f1d-89e2-448e-ad90-4648b948b660_frame_000002.png,202
references/characters/tuzi/tuzi-150.png,hf_20260628_220747_88b45f1d-89e2-448e-ad90-4648b948b660_frame_000003.png,203
references/characters/tuzi/tuzi-151.png,hf_20260628_220747_88b45f1d-89e2-448e-ad90-4648b948b660_frame_000004.png,204
references/characters/tuzi/tuzi-152.png,hf_20260628_220747_88b45f1d-89e2-448e-ad90-4648b948b660_frame_000005.png,205
references/characters/tuzi/tuzi-153.png,hf_20260628_221953_a08eead5-fe2a-4add-b84f-55852e666441_frame_000001.png,206
references/characters/tuzi/tuzi-154.png,hf_20260628_221953_a08eead5-fe2a-4add-b84f-55852e666441_frame_000002.png,207
references/characters/tuzi/tuzi-155.png,hf_20260628_221953_a08eead5-fe2a-4add-b84f-55852e666441_frame_000003.png,208
references/characters/tuzi/tuzi-156.png,hf_20260628_221953_a08eead5-fe2a-4add-b84f-55852e666441_frame_000004.png,209
references/characters/tuzi/tuzi-157.png,hf_20260628_221953_a08eead5-fe2a-4add-b84f-55852e666441_frame_000005.png,210
references/characters/tuzi/tuzi-158.png,hf_20260628_221955_aebeff75-7cab-4188-ab51-d1cd91c4e89d_frame_000001.png,211
references/characters/tuzi/tuzi-159.png,hf_20260628_221955_aebeff75-7cab-4188-ab51-d1cd91c4e89d_frame_000002.png,212
references/characters/tuzi/tuzi-160.png,hf_20260628_221955_aebeff75-7cab-4188-ab51-d1cd91c4e89d_frame_000003.png,213
references/characters/tuzi/tuzi-161.png,hf_20260628_221955_aebeff75-7cab-4188-ab51-d1cd91c4e89d_frame_000004.png,214
references/characters/tuzi/tuzi-162.png,hf_20260628_221955_aebeff75-7cab-4188-ab51-d1cd91c4e89d_frame_000005.png,215
references/characters/tuzi/tuzi-163.png,hf_20260628_221956_08ea4ad4-bb03-4151-a99f-15bd502df459_frame_000001.png,216
references/characters/tuzi/tuzi-164.png,hf_20260628_221956_08ea4ad4-bb03-4151-a99f-15bd502df459_frame_000002.png,217
references/characters/tuzi/tuzi-165.png,hf_20260628_221956_08ea4ad4-bb03-4151-a99f-15bd502df459_frame_000003.png,218
references/characters/tuzi/tuzi-166.png,hf_20260628_221956_08ea4ad4-bb03-4151-a99f-15bd502df459_frame_000004.png,219
references/characters/tuzi/tuzi-167.png,hf_20260628_221956_08ea4ad4-bb03-4151-a99f-15bd502df459_frame_000005.png,220
references/characters/tuzi/tuzi-168.png,hf_20260628_221956_1118a836-24b8-4437-baeb-bd82e6107444_frame_000001.png,221
references/characters/tuzi/tuzi-169.png,hf_20260628_221956_1118a836-24b8-4437-baeb-bd82e6107444_frame_000002.png,222
references/characters/tuzi/tuzi-170.png,hf_20260628_221956_1118a836-24b8-4437-baeb-bd82e6107444_frame_000003.png,223
references/characters/tuzi/tuzi-171.png,hf_20260628_221956_1118a836-24b8-4437-baeb-bd82e6107444_frame_000004.png,224
references/characters/tuzi/tuzi-172.png,hf_20260628_221956_1118a836-24b8-4437-baeb-bd82e6107444_frame_000005.png,225
references/characters/tuzi/tuzi-173.png,hf_20260628_221957_e4f6dc6c-8254-46db-9360-646c1a925ae5_frame_000001.png,226
references/characters/tuzi/tuzi-174.png,hf_20260628_221957_e4f6dc6c-8254-46db-9360-646c1a925ae5_frame_000002.png,227
references/characters/tuzi/tuzi-175.png,hf_20260628_221957_e4f6dc6c-8254-46db-9360-646c1a925ae5_frame_000003.png,228
references/characters/tuzi/tuzi-176.png,hf_20260628_221957_e4f6dc6c-8254-46db-9360-646c1a925ae5_frame_000004.png,229
references/characters/tuzi/tuzi-177.png,hf_20260628_221957_e4f6dc6c-8254-46db-9360-646c1a925ae5_frame_000005.png,230
references/characters/tuzi/tuzi-178.png,hf_20260628_221958_f0d66811-34e8-4a5c-9fd9-83390d83525d_frame_000001.png,231
references/characters/tuzi/tuzi-179.png,hf_20260628_221958_f0d66811-34e8-4a5c-9fd9-83390d83525d_frame_000002.png,232
references/characters/tuzi/tuzi-180.png,hf_20260628_221958_f0d66811-34e8-4a5c-9fd9-83390d83525d_frame_000003.png,233
references/characters/tuzi/tuzi-181.png,hf_20260628_221958_f0d66811-34e8-4a5c-9fd9-83390d83525d_frame_000004.png,234
references/characters/tuzi/tuzi-182.png,hf_20260628_221958_f0d66811-34e8-4a5c-9fd9-83390d83525d_frame_000005.png,235
references/characters/tuzi/tuzi-183.png,hf_20260628_222006_92d8e7ad-221e-4a2b-9ef2-31ac0db5cc7e_frame_000001.png,236
references/characters/tuzi/tuzi-184.png,hf_20260628_222006_92d8e7ad-221e-4a2b-9ef2-31ac0db5cc7e_frame_000002.png,237
references/characters/tuzi/tuzi-185.png,hf_20260628_222006_92d8e7ad-221e-4a2b-9ef2-31ac0db5cc7e_frame_000003.png,238
references/characters/tuzi/tuzi-186.png,hf_20260628_222006_92d8e7ad-221e-4a2b-9ef2-31ac0db5cc7e_frame_000004.png,239
references/characters/tuzi/tuzi-187.png,hf_20260628_222006_92d8e7ad-221e-4a2b-9ef2-31ac0db5cc7e_frame_000005.png,240
references/locations/paris/paris-001.png,Tuzi Brown — Mon Homme (Sur cette terre) _ Mistinguett _ “My Man” (2025) (1)_frame_000005.png,003
references/locations/paris/paris-002.png,Tuzi Brown — Mon Homme (Sur cette terre) _ Mistinguett _ “My Man” (2025) (1)_frame_000006.png,004
references/locations/paris/paris-003.png,Tuzi Brown — Mon Homme (Sur cette terre) _ Mistinguett _ “My Man” (2025) (1)_frame_000014.png,006
references/locations/paris/paris-004.png,Tuzi Brown — Mon Homme (Sur cette terre) _ Mistinguett _ “My Man” (2025) (1)_frame_000019.png,007
references/locations/paris/paris-005.png,Tuzi Brown — Mon Homme (Sur cette terre) _ Mistinguett _ “My Man” (2025) (1)_frame_000030.png,009
references/locations/paris/paris-006.png,Tuzi Brown — Mon Homme (Sur cette terre) _ Mistinguett _ “My Man” (2025) (1)_frame_000035.png,012
references/locations/paris/paris-007.png,Tuzi Brown — Mon Homme (Sur cette terre) _ Mistinguett _ “My Man” (2025) (1)_frame_000043.png,014
references/locations/paris/paris-008.png,Tuzi Brown — Mon Homme (Sur cette terre) _ Mistinguett _ “My Man” (2025) (1)_frame_000052.png,016
references/locations/paris/paris-009.png,Tuzi Brown — Mon Homme (Sur cette terre) _ Mistinguett _ “My Man” (2025) (1)_frame_000057.png,019
references/locations/paris/paris-010.png,Tuzi Brown — Mon Homme (Sur cette terre) _ Mistinguett _ “My Man” (2025) (1)_frame_000066.png,022
references/locations/paris/paris-011.png,Tuzi Brown — Mon Homme (Sur cette terre) _ Mistinguett _ “My Man” (2025) (1)_frame_000067.png,023
references/locations/paris/paris-012.png,Tuzi Brown — Mon Homme (Sur cette terre) _ Mistinguett _ “My Man” (2025) (1)_frame_000076.png,025
references/locations/paris/paris-013.png,Tuzi Brown — Mon Homme (Sur cette terre) _ Mistinguett _ “My Man” (2025) (1)_frame_000085.png,027
references/locations/paris/paris-014.png,Tuzi Brown — Mon Homme (Sur cette terre) _ Mistinguett _ “My Man” (2025) (1)_frame_000086.png,028
references/locations/paris/paris-015.png,Tuzi Brown — Mon Homme (Sur cette terre) _ Mistinguett _ “My Man” (2025) (1)_frame_000101.png,029
references/locations/paris/paris-016.png,Tuzi Brown — Mon Homme (Sur cette terre) _ Mistinguett _ “My Man” (2025) (1)_frame_000109.png,030
references/locations/paris/paris-017.png,Tuzi Brown — Mon Homme (Sur cette terre) _ Mistinguett _ “My Man” (2025) (1)_frame_000112.png,031
references/locations/paris/paris-018.png,Tuzi Brown — Mon Homme (Sur cette terre) _ Mistinguett _ “My Man” (2025)_frame_000004.png,035
references/locations/paris/paris-019.png,Tuzi Brown — Mon Homme (Sur cette terre) _ Mistinguett _ “My Man” (2025)_frame_000005.png,036
references/locations/paris/paris-020.png,Tuzi Brown — Mon Homme (Sur cette terre) _ Mistinguett _ “My Man” (2025)_frame_000006.png,037
references/locations/paris/paris-021.png,Tuzi Brown — Mon Homme (Sur cette terre) _ Mistinguett _ “My Man” (2025)_frame_000014.png,045
references/locations/paris/paris-022.png,Tuzi Brown — Mon Homme (Sur cette terre) _ Mistinguett _ “My Man” (2025)_frame_000019.png,050
references/locations/paris/paris-023.png,Tuzi Brown — Mon Homme (Sur cette terre) _ Mistinguett _ “My Man” (2025)_frame_000020.png,051
references/locations/paris/paris-024.png,Tuzi Brown — Mon Homme (Sur cette terre) _ Mistinguett _ “My Man” (2025)_frame_000030.png,061
references/locations/paris/paris-025.png,Tuzi Brown — Mon Homme (Sur cette terre) _ Mistinguett _ “My Man” (2025)_frame_000031.png,062
references/locations/paris/paris-026.png,Tuzi Brown — Mon Homme (Sur cette terre) _ Mistinguett _ “My Man” (2025)_frame_000035.png,066
references/locations/paris/paris-027.png,Tuzi Brown — Mon Homme (Sur cette terre) _ Mistinguett _ “My Man” (2025)_frame_000036.png,067
references/locations/paris/paris-028.png,Tuzi Brown — Mon Homme (Sur cette terre) _ Mistinguett _ “My Man” (2025)_frame_000037.png,068
references/locations/paris/paris-029.png,Tuzi Brown — Mon Homme (Sur cette terre) _ Mistinguett _ “My Man” (2025)_frame_000042.png,073
references/locations/paris/paris-030.png,Tuzi Brown — Mon Homme (Sur cette terre) _ Mistinguett _ “My Man” (2025)_frame_000043.png,074
references/locations/paris/paris-031.png,Tuzi Brown — Mon Homme (Sur cette terre) _ Mistinguett _ “My Man” (2025)_frame_000052.png,083
references/locations/paris/paris-032.png,Tuzi Brown — Mon Homme (Sur cette terre) _ Mistinguett _ “My Man” (2025)_frame_000053.png,084
references/locations/paris/paris-033.png,Tuzi Brown — Mon Homme (Sur cette terre) _ Mistinguett _ “My Man” (2025)_frame_000056.png,087
references/locations/paris/paris-034.png,Tuzi Brown — Mon Homme (Sur cette terre) _ Mistinguett _ “My Man” (2025)_frame_000057.png,088
references/locations/paris/paris-035.png,Tuzi Brown — Mon Homme (Sur cette terre) _ Mistinguett _ “My Man” (2025)_frame_000058.png,089
references/locations/paris/paris-036.png,Tuzi Brown — Mon Homme (Sur cette terre) _ Mistinguett _ “My Man” (2025)_frame_000066.png,097
references/locations/paris/paris-037.png,Tuzi Brown — Mon Homme (Sur cette terre) _ Mistinguett _ “My Man” (2025)_frame_000067.png,098
references/locations/paris/paris-038.png,Tuzi Brown — Mon Homme (Sur cette terre) _ Mistinguett _ “My Man” (2025)_frame_000076.png,107
references/locations/paris/paris-039.png,Tuzi Brown — Mon Homme (Sur cette terre) _ Mistinguett _ “My Man” (2025)_frame_000085.png,116
references/locations/paris/paris-040.png,Tuzi Brown — Mon Homme (Sur cette terre) _ Mistinguett _ “My Man” (2025)_frame_000086.png,117
references/locations/paris/paris-041.png,Tuzi Brown — Mon Homme (Sur cette terre) _ Mistinguett _ “My Man” (2025)_frame_000095.png,126
references/locations/paris/paris-042.png,Tuzi Brown — Mon Homme (Sur cette terre) _ Mistinguett _ “My Man” (2025)_frame_000096.png,127
references/locations/paris/paris-043.png,Tuzi Brown — Mon Homme (Sur cette terre) _ Mistinguett _ “My Man” (2025)_frame_000097.png,128
references/locations/paris/paris-044.png,Tuzi Brown — Mon Homme (Sur cette terre) _ Mistinguett _ “My Man” (2025)_frame_000101.png,132
references/locations/paris/paris-045.png,Tuzi Brown — Mon Homme (Sur cette terre) _ Mistinguett _ “My Man” (2025)_frame_000107.png,138
references/locations/paris/paris-046.png,Tuzi Brown — Mon Homme (Sur cette terre) _ Mistinguett _ “My Man” (2025)_frame_000109.png,140
references/locations/paris/paris-047.png,Tuzi Brown — Mon Homme (Sur cette terre) _ Mistinguett _ “My Man” (2025)_frame_000110.png,141
references/locations/paris/paris-048.png,Tuzi Brown — Mon Homme (Sur cette terre) _ Mistinguett _ “My Man” (2025)_frame_000111.png,142
references/locations/paris/paris-049.png,Tuzi Brown — Mon Homme (Sur cette terre) _ Mistinguett _ “My Man” (2025)_frame_000112.png,143
references/locations/paris/paris-050.png,Tuzi Brown — Mon Homme (Sur cette terre) _ Mistinguett _ “My Man” (2025)_frame_000115.png,146
